{"cameraMode":{"drawMode":0,"name":"Shaded","section":"Shading Mode"},"sceneLighting":true,"audioPlay":false,"sceneViewState":{"m_AlwaysRefresh":false,"showFog":true,"showSkybox":true,"showFlares":true,"showImageEffects":true,"showParticleSystems":true,"showVisualEffectGraphs":true,"m_FxEnabled":false},"in2DMode":false,"pivot":{"x":417.3013000488281,"y":157.90232849121095,"z":-349.40423583984377},"rotation":{"x":-0.002013963181525469,"y":0.9849425554275513,"z":0.011514817364513874,"w":0.17283610999584199},"size":343.6896057128906,"orthographic":false}