{"cameraMode":{"drawMode":0,"name":"Shaded","section":"Shading Mode"},"sceneLighting":true,"audioPlay":false,"sceneViewState":{"m_AlwaysRefresh":false,"showFog":true,"showSkybox":true,"showFlares":true,"showImageEffects":true,"showParticleSystems":true,"showVisualEffectGraphs":true,"m_FxEnabled":false},"in2DMode":false,"pivot":{"x":-2.9699437618255617,"y":6.494195938110352,"z":50.9601936340332},"rotation":{"x":-0.01830838993191719,"y":0.0075268857181072239,"z":-0.0001321223098784685,"w":-0.9998154640197754},"size":4.0408220291137699,"orthographic":false}