{"cameraMode":{"drawMode":0,"name":"Shaded","section":"Shading Mode"},"sceneLighting":true,"audioPlay":false,"sceneViewState":{"m_AlwaysRefresh":false,"showFog":true,"showSkybox":true,"showFlares":true,"showImageEffects":true,"showParticleSystems":true,"showVisualEffectGraphs":true,"m_FxEnabled":false},"in2DMode":false,"pivot":{"x":-3.5387587547302248,"y":5.976528167724609,"z":10.578154563903809},"rotation":{"x":-0.003778053680434823,"y":-0.9869322180747986,"z":-0.023385057225823404,"w":0.15944859385490418},"size":0.9247447848320007,"orthographic":false}