{"cameraMode":{"drawMode":0,"name":"Shaded","section":"Shading Mode"},"sceneLighting":true,"audioPlay":false,"sceneViewState":{"m_AlwaysRefresh":false,"showFog":true,"showSkybox":true,"showFlares":true,"showImageEffects":true,"showParticleSystems":true,"showVisualEffectGraphs":true,"m_FxEnabled":false},"in2DMode":false,"pivot":{"x":-4.457530975341797,"y":7.054254531860352,"z":40.5655632019043},"rotation":{"x":-0.01830838993191719,"y":0.0075268857181072239,"z":-0.0001321223098784685,"w":-0.9998154640197754},"size":2.4247446060180666,"orthographic":false}