{"cameraMode":{"drawMode":0,"name":"Shaded","section":"Shading Mode"},"sceneLighting":false,"audioPlay":false,"sceneViewState":{"m_AlwaysRefresh":false,"showFog":true,"showSkybox":false,"showFlares":true,"showImageEffects":true,"showParticleSystems":true,"showVisualEffectGraphs":true,"m_FxEnabled":false},"in2DMode":false,"pivot":{"x":0.0000011473894119262696,"y":0.23057891428470612,"z":-0.016597993671894075},"rotation":{"x":-0.003778053680434823,"y":-0.9869322180747986,"z":-0.023385057225823404,"w":0.15944859385490418},"size":0.3746369183063507,"orthographic":false}