{"cameraMode":{"drawMode":0,"name":"Shaded","section":"Shading Mode"},"sceneLighting":false,"audioPlay":false,"sceneViewState":{"m_AlwaysRefresh":false,"showFog":true,"showSkybox":false,"showFlares":true,"showImageEffects":true,"showParticleSystems":true,"showVisualEffectGraphs":true,"m_FxEnabled":false},"in2DMode":false,"pivot":{"x":-4.358679294586182,"y":5.857524394989014,"z":45.312950134277347},"rotation":{"x":-0.00004847199306823313,"y":0.9993757605552673,"z":0.03568323329091072,"w":0.0012309186859056354},"size":1.3441379070281983,"orthographic":false}