{"cameraMode":{"drawMode":0,"name":"Shaded","section":"Shading Mode"},"sceneLighting":false,"audioPlay":false,"sceneViewState":{"m_AlwaysRefresh":false,"showFog":true,"showSkybox":false,"showFlares":true,"showImageEffects":true,"showParticleSystems":true,"showVisualEffectGraphs":true,"m_FxEnabled":true},"in2DMode":false,"pivot":{"x":59.23320007324219,"y":2.5224709510803224,"z":-64.2954330444336},"rotation":{"x":0.010761654004454613,"y":-0.7153648734092712,"z":0.010891600511968136,"w":0.6987242102622986},"size":1.2084991931915284,"orthographic":false}