{"cameraMode":{"drawMode":0,"name":"Shaded","section":"Shading Mode"},"sceneLighting":false,"audioPlay":false,"sceneViewState":{"m_AlwaysRefresh":false,"showFog":false,"showSkybox":false,"showFlares":false,"showImageEffects":false,"showParticleSystems":false,"showVisualEffectGraphs":true,"m_FxEnabled":true},"in2DMode":false,"pivot":{"x":0.001546025276184082,"y":0.9341118931770325,"z":-0.06047330051660538},"rotation":{"x":0.10500866919755936,"y":-0.5062470436096191,"z":0.06232142820954323,"w":0.853758692741394},"size":1.289166808128357,"orthographic":false}