{"cameraMode":{"drawMode":0,"name":"Shaded","section":"Shading Mode"},"sceneLighting":false,"audioPlay":false,"sceneViewState":{"m_AlwaysRefresh":false,"showFog":true,"showSkybox":false,"showFlares":true,"showImageEffects":true,"showParticleSystems":true,"showVisualEffectGraphs":true,"m_FxEnabled":true},"in2DMode":false,"pivot":{"x":40.329139709472659,"y":-1549.0123291015625,"z":26.78443145751953},"rotation":{"x":0.08175034075975418,"y":-0.010917588137090207,"z":0.0235679242759943,"w":0.9963216185569763},"size":1651.4329833984375,"orthographic":false}