{"cameraMode":{"drawMode":0,"name":"Shaded","section":"Shading Mode"},"sceneLighting":false,"audioPlay":false,"sceneViewState":{"m_AlwaysRefresh":false,"showFog":true,"showSkybox":false,"showFlares":true,"showImageEffects":true,"showParticleSystems":true,"showVisualEffectGraphs":true,"m_FxEnabled":false},"in2DMode":false,"pivot":{"x":0.01077166199684143,"y":2.2351741790771486e-8,"z":2.282944679260254},"rotation":{"x":0.03650567680597305,"y":-0.8903511762619019,"z":0.07255470752716065,"w":0.44799304008483889},"size":3.026566743850708,"orthographic":false}